<?xml version="1.0" encoding="UTF-8" ?>
<rss version="2.0"
	xmlns:excerpt="http://wordpress.org/export/1.2/excerpt/"
	xmlns:content="http://purl.org/rss/1.0/modules/content/"
	xmlns:wfw="http://wellformedweb.org/CommentAPI/"
	xmlns:dc="http://purl.org/dc/elements/1.1/"
	xmlns:wp="http://wordpress.org/export/1.2/"
>

<channel>
	<title>Town of Pressville</title>
	<link>http://localhost/wordpress/pressville-content</link>
	<description>This is a Presentation of Pressville - Premium Municipal WordPress Theme</description>
	<pubDate>Wed, 03 May 2017 11:32:28 +0000</pubDate>
	<language>en-US</language>
	<wp:wxr_version>1.2</wp:wxr_version>
	<wp:base_site_url>http://localhost/wordpress/</wp:base_site_url>
	<wp:base_blog_url>http://localhost/wordpress/pressville-content</wp:base_blog_url>
</channel>
</rss>
